Strategy Name,Market Regime and Triggers (ADX and IV),Optimal DTE and Delta Selection,Entry Confirmation (EMA Stack and Keltner Action Zone),Exit and Trim Rules (+2 and +3 ATR),Defensive Hedge Protocols,Source
The Wheel Strategy (Income & Premium Selling),Sideways/Range-bound; ADX < 20 (preferred); High IV (VRP > 1.2 or IV \ge 70) for rich premiums.,7-45 DTE (Weekly preferred for ROC); Delta target: |\Delta| \le 0.15 to 0.30 for OTM strikes.,"EMA-aligned; Price within 1 ATR of 21-day EMA ('Action Zone'); Stochastic (8,3,3) used to find dip within a 'rip'.",Close at 50% max profit; Trim at +2 ATR; Exit full at +3 ATR (Keltner upper bands); 2% Portfolio Rule override.,Roll down/out for credit; 3-5% max position; Use VIX/UVIX/SQQQ; Protective collars ('hedge condoms'); 2\times premium rule.,[1][2][3][4][5][6]
Bounce 2.0 (Mean Reversion / The Tao Swing),"Bull Phase (S&P 500 > 200 SMA); ADX > 20; Stochastics (8,3,3) \le 40; Mature pullback in uptrend.",30-45 DTE; Call Debit Spreads.,Price pullback to 21 EMA mean ('Action Zone'); EMA 8 remains above 21; Daily/Weekly/Monthly EMA stacks (8/21/34/55/89).,TP1: Recent resistance (or 80.00); TP2: +2 ATR (or 84.00); TP3: +3 ATR (or 88.00); Stop: 1 ATR away or below 50 SMA.,Time Stop: Exit 50% if no breach in 5 days; 15% NLV Portfolio Stop; 40% market/60% reserve blitz tactic.,[1][2]
Systematic Sell-Side (The Casino Playbook),High IV Rank (> 40th percentile); Vega inflated; Avoid overpaying for premium.,30-45 DTE (Theta decay inflection); Target 0.20 to 0.30 Delta for CSPs.,Tao of Trading 8/21/34/55/89 EMA stack; Price within 1.5 ATR of 21 EMA; Avoid parabolic moves.,Profit target at 50% max profit; Trim equity or sell CCs at +/- 3 ATR or 3rd Keltner channel band.,Extension Roll: Out in time and down in strike for credit; 12-step recovery discipline to prevent tilt.,[5]
Ultimate Stacked Bulls (Momentum Playbook),Strong Trending Regime; ADX (14) > 20 (velocity check).,Favors high-volume momentum favorites; Volatility-based DTE adjustments.,"Triple-Stacked EMA Layer Cake (8 > 21 > 34 > 55 > 89) on Daily, Weekly, and Monthly timeframes; Stochastic (8,3,3) on dips.",ATR 'Coil' identifies explosive potential; Exit if trend breaks below 34 EMA on high volume.,"Trailing stops at key EMA levels (e.g., 34 EMA); Liquidity filter: Average Volume (10D) > 1 Million.",[3][7]
LEAPS (Stock Replacement),Strong structural trend; ADX \ge 20; Low IV (< 70) for cheap long-dated contracts.,1-2 years out (minimum 30-45 days); Delta between 0.4 and 0.8.,Confirmed Bullish EMA Stack (8 > 21 > 34 > 55 > 89); Price 'Sailing with the Wind' above 200 SMA.,Profit targets at ATR extensions; Exit 50% at +15% gain or when EMA(8) crosses below EMA(21).,Stop loss 1 ATR from entry; Move stop to break-even after TP1; Avoid holding through earnings (IV crush).,[2]
MPHinance Momentum / VoPR Playbook,High volatility; Focus on earnings; Uses VoPR (Volatility Options Pricing & Range) 4-model composite.,Monthly charts for floors; Volatility-based adjustments; July/June expirations for synthetic bulls.,8/21/34/55/89 EMA stack; VoPR grading logic (A/B/C/D); 'Action Zones' based on trendlines.,"ATR-based stops and targets (+2 and +3 ATR); Layering: buy in batches (e.g., 5) to trim into strength.",Risk Reversals (selling puts to finance calls); Shorter-dated protective puts; Sell CCs/CSPs around earnings.,[8][9]
Bear Mode (EMA Death Stack),Bearish Regime; ADX \ge 20; Stoch K > 60 (Pullback to Resistance); MACD < 0.,30-45 DTE (Near the Money).,Daily/Weekly/Monthly Stack: 8 < 21 < 34 < 55 < 89; Price within \pm8% of EMA 21.,Stop: Above recent swing high; Target: Prior structural support levels.,Small position sizing; 50% max position for short trades.,[1]
Synthetic Long (Leverage Optimization),Strong Trend; ADX \ge 20; High IV (\ge 70) makes straight calls expensive.,Strike selected at same price for call and put; High Delta for share replacement.,Breakout confirmation with volume and sector alignment; Price reclaiming 21 EMA mean.,Exit at horizontal structural resistance or 3 ATR stretch targets.,No margin fees via simultaneous long call/short put; 4\times leverage; managed by rolling short put.,[2]
Equity Accumulation Engine (The Flywheel),"Continuous regime for long-term compounders ($NVDA, $AVGO); 1.5% - 2.0% weekly premium targets.",30-45 DTE for Covered Calls; Jan '26 LEAP strikes for leverage.,Keltner channel base-building; Tactical bounce plays off the 21 EMA.,Systematic trims at +3 ATR Keltner boundaries; Profits swept to buy physical shares.,"80/20 Barbell: 80% structural theta/equity, 20% high-leverage delta; Profits swept from 20% to 80% bucket.",[5]
Vega Expansion Monetization (Crypto Beta),"High volatility/Vega expansion on crypto assets ($MSTR, $COIN); Bitcoin-driven spikes.",30-45 DTE; Low-delta (0.20-0.25) premium sales.,Tao of Trading rainbow MA swing vehicle; Crypto fee revenue proxy and institutional flow.,50% max profit target; Capture terminal momentum blow-offs using 3 ATR threshold on daily chart.,Defined-risk rolls; Anti-chasing guard (EXHAUSTION_ZONE) when retail overpays for OTM calls.,[5]
Self-Funding Theta Ladder,High volatility / expected downturn.,Laddered (Short Nov 28/Dec 05 to pay for Long Dec 19 'Shield' put).,"Execution of the 'Wash' on Day 0 (Monday); Strike set near technical levels (e.g., $6).","If price > strike, keep income/reload; If assigned, sell CCs; If extreme drop, exercise 'Shield' put.",Long-dated put serves as 'catastrophe insurance' or a 'pre-paid parachute'.,[3]
Michael's Core Signal Set (Trend Continuation),Bullish trend; ADX filter for range-bound setups; Volatility prediction (VRP) for sizing.,"Mispriced YOLO OTM setups; prefer cheap, liquid strikes with high unusual flow.",Bullish 8/21/34/55/89 EMA alignment; Pullback to within \sim1 ATR of 21 EMA ('dip inside uptrend').,Primary: EMA 8 crosses below 34; Secondary: EMA 8 below 21; Custom screens for price on EMA 21 via ATR.,Fidelity conditional orders: Trailing Stop Loss paired with Trailing Stop Buy; Limit list to 7 names.,[4]
EMA Cross Momentum,ADX > 25 (Trend Strength Filter); RSI 50-70.,Not in source,EMA 8 crosses above EMA 21; Price above both EMAs.,Fresh Cross Stop: below breakout day's low; Sustained Cross Stop: close below 21 EMA.,50% size for unproven breakouts (Day 1-3); 100% size for proven trends (Day 10+).,[1]
AI-Assisted Trade-Plan (Burford Case Study),ADX and Stochastics; identifies high-conviction setups via unusual options flow anomalies.,"AI-driven position sizing; prefers further-dated, higher-delta contracts.",EMA stack alignment; monitored via Gemini 'Gem' tool checklist.,Three distinct TP levels and a hard stop loss defined by ATR and technical levels.,Tranche execution tactics; 'Catalyst-fail' stop (close if event fires with no price move).,[4]
The Gravity Well Protocol (Gravity Squeeze),Squeeze Ratio < 1.0; Volume spike (2\times+) with minimal price movement (< 1-2%).,Not in source,Volatility compression (Bollinger Bands inside Keltner Channels); Doji or Hammer signals.,Stop at opposite side of range.,High Variance/Small Size; 75% size after range breaks.,[1]
Personal Technical Stack (stock_analyzer.py),Squeeze detection via ATR(14) vs ATR(55) ratio; Bullish/Bearish vs SMA 200.,Not in source,"EMA stack (8/21/34/55/89); White = 8x21 cross, Yellow = 8x34 cross.",2.0\times ATR stop; 1.5\times and 3.0\times ATR take-profit levels.,Not in source,[6]
Wheel / Options Decision Framework,Compare IV to HV30; ADX(14)/(21) to decide DTE.,"2-3 weeks if ADX > 20, else 30-45 days; Default: 30-45 DTE, 30 Delta.",Price target set from Keltner Channel before looking at option chain.,Not in source,"3-month protective puts; Sector hedges (e.g., short INTC while long NVDA).",[6]
TRAMA-based System,"ADX-adaptive indicator length (e.g., TRAMA-34 to TRAMA-21).",Daily timeframe.,TRAMA-34 on daily timeframe; 2 custom oscillators.,AI agent designed to exit bad positions.,Not in source,[6]
IV Rank Timing Tool,IV Rank as RSI-style tool (20/80).,Buy premium (calls/LEAPS) when IV Rank is low; Sell premium (CSPs/CCs) when IV Rank is high.,Not in source,Not in source,Not in source,[6]
Bounce Setup (Deep Oversold),Deep oversold; High ADX (showing trend strength in downtrend).,Not in source,Deep RSI oversold; Price far below 21 EMA by ATR distance.,Not in source,Not in source,[4]
LETF Momentum System,Trend-strength confirmation using ADX Delta.,Not in source,"Dual EMA stack: originally 13/89, later 21/144.",Not in source,Not in source,[6]
Momentum Pullback (1% a Week),Bull or bear markets; Momentum pullbacks.,Stocks (not options); Wait a week.,Stacked EMA on the monthly timeframe.,Not in source,Not in source,[6]
The Calm Before The Volatility,Low implied volatility environment.,60% Options concentration.,Not in source,Not in source,Not in source,[10]
